time,ax,ay,az,gx,gy,gz
14822,0.000977,0.021729,-0.955139,1.640320,-0.923157,-1.953125